"Q","CategoryId","total_LinkCtg","sort_order"
"bearing","M0802000000",165,1
"washer","M1803000000",148,2
"shaft","M0101000000",141,3
"bushing","M0107000000",110,4
"magnet","K1008000000",101,5
"coupling","M1001000000",100,6
"magnet","P0302050000",97,7
"shaft","M0801000000",97,8
"set screw","M1802031200",84,9
"dowel pin","P0302010000",81,10
"magnet","M1805000000",77,11
"key","P0101140600",75,12
"screw","M1802000000",74,13
"magnets","P0302050000",71,14
"spring","M1202000000",70,15
"retaining ring","M1804000000",69,16
"spacer","P0302070000",64,17
"gear","M1006000000",59,18
"roller","M1105000000",57,19
"extrusion","M1500000000",53,20
"magnets","K1008000000",52,21
"dowel pins","P0302010000",51,22
"key","P0303050400",51,23
"magnets","M1805000000",51,24
"bracket","M1603000000",50,25
"pulley","M1002000000",48,26
"shim","M1801000000",47,27
"standoff","M1605000000",47,28
"dowel","P0302010000",45,29
"hinge","M1708000000",43,30
"pin","M0301000000",43,31
"spacer","K1004020000",43,32
"rollers","M1105000000",42,33
"bearings","M0802000000",41,34
"clamp","M0303000000",41,35
"rod","M1401010000",41,36
"bearing","M0806000000",40,37
"handle","M1708000000",40,38
"lead screw","M0115000000",40,39
"pin","M0808000000",40,40
"screws","M1802000000",39,41
"bushings","M0107000000",38,42
"shaft collar","M0103000000",38,43
"bushing","M0501020000",37,44
"aluminum extrusion","M1501010000",35,45
"bolts","M1802030000",35,46
"bushing","P0103000000",34,47
"timing belt","M1002000000",34,48
"timing pulley","M1002000000",34,49
"locating pins","P0304030000",33,50
"shim","P0302070000",33,51
"socket head cap screw","M1802031100",33,52
"springs","M1202000000",33,53
"extrusion","M1501000000",32,54
"nut","M1802000000",32,55
"washers","M1803000000",30,56
"bushing","M0104000000",29,57
"compression spring","M1202030000",29,58
"spring","P0201080400",29,59
"bracket","M1602050000",28,60
"locating pin","P0304030000",28,61
"locating pins","M0301000000",28,62
"pulley","M1003000000",28,63
"set screws","M1802031200",28,64
"angle plate","M1605000000",27,65
"ball bearing","M0802010000",27,66
"bolt","M1802030000",27,67
"bushing","M0301000000",27,68
"shaft coupling","M1001000000",27,69
"spring","P0202070200",27,70
"bushing","P0204020000",25,71
"dowel","K1007000000",25,72
"handle","M1701000000",25,73
"angle","M1605000000",24,74
"gears","M1006000000",24,75
"hinge","M1502010000",24,76
"hinge","M1920020000",24,77
"locating pin","M0301000000",24,78
"screw","M1501020400",24,79
"bearing","M0805000000",23,80
"bumper","M1201050000",23,81
"cam follower","M0807000000",23,82
"handles","M1708000000",23,83
"stopper","M0304040000",23,84
"aluminum plate","M1401020100",22,85
"dowel pin","K1007000000",22,86
"pin","M0302030000",22,87
"pins","M0301000000",22,88
"roller","M0807000000",22,89
"spring plunger","M0302010200",22,90
"washer","M1802000000",22,91
"collar","M0103000000",21,92
"couplings","M1001000000",21,93
"rack","M1006050000",21,94
"rotary shaft","M0801000000",21,95
"shafts","M0101000000",21,96
"collar","M1803000000",20,97
"rod end","M1920060000",20,98
"shaft support","M0102000000",20,99
"spring pin","M1804030000",20,100
"belt","M1002000000",19,101
"linear shaft","M0101000000",19,102
"clamp","M0306020400",18,103
"conveyor","M1503020300",18,104
"hex nut","M1802020300",18,105
"hinges","M1708000000",18,106
"o ring","M2010010000",18,107
"plate","M1401030000",18,108
"tube","M1401010100",18,109
"bracket","M0401010300",17,110
"handle","M1502010000",17,111
"plunger","M0302000000",17,112
"rubber","M1201000000",17,113
"shafts","M0801000000",17,114
"shims","M1801000000",17,115
"spring","P0400000000",17,116
"washer","M1201020000",17,117
"aluminum","M1401020100",16,118
"ball screw","M0114000000",16,119
"bearings","M0806000000",16,120
"o-ring","M2010010000",16,121
"plate","M1401020000",16,122
"sprocket","M1008000000",16,123
"stop","M0304030000",16,124
"stud","M1802030800",16,125
"ball bearings","M0802010000",15,126
"clamp","M1604000000",15,127
"clamps","M0303000000",15,128
"ejector pin","K0100000000",15,129
"hfs5","M1501010100",15,130
"leveling feet","M1602010000",15,131
"nuts","M1802000000",15,132
"washer","M2010030000",15,133
"cap screw","M1802031100",14,134
"clamp","M2008040000",14,135
"extrusions","M1500000000",14,136
"linear guide","M0110000000",14,137
"magnet","M1702010000",14,138
"nut","M1501020000",14,139
"screws","M1501020400",14,140
"spur gear","M1006010000",14,141
"bearing nut","M0803000000",13,142
"bracket","P0113030000",13,143
"cable","M0305020200",13,144
"magnet","M1800000000",13,145
"pulley","M1102000000",13,146
"tensioner","M1009000000",13,147
"tubing","M1401010100",13,148
"actuator","M0118000000",12,149
"aluminum extrusion","M1500000000",12,150
"bushings","M0501020000",12,151
"extrusion","M1502000000",12,152
"insert","M1802010000",12,153
"knob","M1701000000",12,154
"locating pin","P0304040000",12,155
"plate","M1603000000",12,156
"post","M1604000000",12,157
"rods","M1401010000",12,158
"seal","M2010000000",12,159
"shock absorber","M1203000000",12,160
"socket head cap screw","P0302020000",12,161
"spacers","P0302070000",12,162
"sprockets","M1008000000",12,163
"stop","M0304040000",12,164
"thread insert","M1802010200",12,165
"threaded insert","M1802010200",12,166
"worm gear","M1006040000",12,167
"aluminum","M1501010000",11,168
"aluminum extrusions","M1501010000",11,169
"bearing housing","M0806000000",11,170
"bushings","M0104000000",11,171
"bushings","P0103000000",11,172
"ejector pins","K0100000000",11,173
"floating joint","M1920040000",11,174
"hfs8","M1501010300",11,175
"lock","M1706000000",11,176
"magnet","K0802040000",11,177
"material","M1401000000",11,178
"nuts","M1501020000",11,179
"pin","M0501010000",11,180
"pins","M0302030000",11,181
"screw","M1701020000",11,182
"spring","M1708020400",11,183
"aluminum extrusion","M1501030000",10,184
"caster","M1602000000",10,185
"chain","M1008000000",10,186
"clamp","M1701030100",10,187
"dowel","M1804030000",10,188
"gusset","M1605000000",10,189
"knob","M0302020100",10,190
"linear guides","M0110000000",10,191
"manifold","M2006000000",10,192
"pins","M0808000000",10,193
"retaining rings","M1804000000",10,194
"shaft","M1001000000",10,195
"shims","P0302070000",10,196
"spacers","K1004020000",10,197
"spring","M1200000000",10,198
"ball","M1304030100",9,199
"bearing","M0804000000",9,200
"block","M0304010200",9,201
"block","M1401030000",9,202
"bracket","M1501000000",9,203
"bushing","P0203050000",9,204
"conveyor","M1100000000",9,205
"door","M1504030000",9,206
"dowel pins","K1007000000",9,207
"handles","M1502010000",9,208
"hinges","M1920020000",9,209
"l bracket","M1603000000",9,210
"locating pins","P0304040000",9,211
"nut","M0803000000",9,212
"pin","P0201000000",9,213
"pipe","M2000000000",9,214
"pipe","M2001000000",9,215
"plates","M1401020000",9,216
"rollers","M0807000000",9,217
"sensor","M0400000000",9,218
"shaft","M0102000000",9,219
"slides","M1704000000",9,220
"spring","M0302010200",9,221
"spring","M1705040000",9,222
"spring plunger","P0301070100",9,223
"tubing","M2000000000",9,224
"washer","M0107000000",9,225
"aluminum","M1401020701",8,226
"aluminum","M1500000000",8,227
"angle plates","M1605000000",8,228
"bearings","M0805000000",8,229
"block","M0304060200",8,230
"brackets","M1603000000",8,231
"clamp","M1901050000",8,232
"coil spring","P0401000000",8,233
"dowel pin","M1804030000",8,234
"ejector pins","K0101000000",8,235
"handles","M1701000000",8,236
"hinge base","M1920020000",8,237
"idler","M1002030000",8,238
"linear","M0110000000",8,239
"magnets","K0802040000",8,240
"micrometer","M0306020100",8,241
"pins","M1804000000",8,242
"plunger","P0301070000",8,243
"pulleys","M1002000000",8,244
"shim","P0303050200",8,245
"springs","P0202070200",8,246
"standoffs","M1605000000",8,247
"steel plate","M1401020200",8,248
"stopper","M0304060000",8,249
"stopper bolt","M0304040000",8,250
"thread insert","M1802060200",8,251
"toggle clamp","M0303010000",8,252
"urethane","M1201000000",8,253
"washer","M0803000000",8,254
"washer","M1202080100",8,255
"air cylinder","M1901010000",7,256
"aluminum extrusion","M1501020000",7,257
"angle","M1401040000",7,258
"angle bracket","M1602050000",7,259
"bolt","K0803020000",7,260
"bushings","M0301000000",7,261
"cam","M0807000000",7,262
"cap screws","P0302020000",7,263
"clamp","P0201080200",7,264
"damper","M1708020400",7,265
"extrusions","M1502000000",7,266
"hex nuts","M1802020300",7,267
"hfs8","M1501010400",7,268
"hinge pin","P0303060100",7,269
"hollow shaft","M0101020000",7,270
"keyless bushing","M1010000000",7,271
"knobs","M1701000000",7,272
"lever","M1701000000",7,273
"linear slide","M0116040000",7,274
"locating pin","P0309040000",7,275
"nozzle","M2005000000",7,276
"plastic","M1402020000",7,277
"posts","M1604000000",7,278
"pusher","M1920030000",7,279
"rail","M1704000000",7,280
"roller","M1101070000",7,281
"rotary","M0305010600",7,282
"round belt","M1003000000",7,283
"screw","M0115000000",7,284
"shaft supports","M0102000000",7,285
"spline","M0106000000",7,286
"springs","P0201080400",7,287
"stainless steel","M1401020300",7,288
"stand off","M1605000000",7,289
"steel","M1401020702",7,290
"stepper motor","M0118050000",7,291
"switch","M0400000000",7,292
"t nut","M1501020000",7,293
"timing belt","M1109000000",7,294
"timing belt pulley","M1002000000",7,295
"tubing","M1909000000",7,296
"u bolt","M1802030100",7,297
"washer","M1201070000",7,298
"wheels","M1602030000",7,299
"aluminum extrusion","M1504010000",6,300
"aluminum extrusions","M1501030000",6,301
"angle","M1602050000",6,302
"ball plunger","P0301070200",6,303
"bearing with housing","M0806000000",6,304
"belts","M1002000000",6,305
"bolt","P0302080000",6,306
"bolts","P0302080000",6,307
"brackets","M1602050000",6,308
"bushings","P0204020000",6,309
"caster","M1503020100",6,310
"contact probe","M0502000000",6,311
"cotter pin","M1804020000",6,312
"cover screw","M1802030200",6,313
"grease nipple","M1802050100",6,314
"hfs6","M1501010200",6,315
"idler","M1102020000",6,316
"insert","M1802060200",6,317
"inserts","M1802010000",6,318
"linear guide","M0117000000",6,319
"linear slide","M0117000000",6,320
"lock nut","M1802020400",6,321
"low head","M1802061200",6,322
"metal collar","M1803020000",6,323
"motor","M0901000000",6,324
"o-ring","K0905020000",6,325
"o rings","M2010010000",6,326
"pin","M0304030000",6,327
"plate","M1605000000",6,328
"polycarbonate","M1402030104",6,329
"pulleys","M1003000000",6,330
"rollers","M1101070000",6,331
"rubber","M1302020200",6,332
"screw","M0304010000",6,333
"screws","M0304050000",6,334
"set screw","M0103010000",6,335
"sheet metal","M1603020000",6,336
"shock absorber","M1200000000",6,337
"slides","M0116040000",6,338
"spacer","K0703050000",6,339
"spacer","P0101140400",6,340
"spring","M0303020100",6,341
"steel","M1401020200",6,342
"stop","M0304060000",6,343
"stripper bolt","P0302080000",6,344
"torsion spring","M1202010000",6,345
"tube","M2000000000",6,346
"washer","M1201010500",6,347
"washers","M0107000000",6,348
"adjusting bolt","M0304020000",5,349
"aluminum extrusions","M1500000000",5,350
"aluminum extrusions","M1502000000",5,351
"angles","M1605000000",5,352
"ball plunger","M0302010100",5,353
"balls","M1304030100",5,354
"bearing","M0803000000",5,355
"bearing","M1106000000",5,356
"belt","M1003000000",5,357
"belt","M1102000000",5,358
"bolt","M0304020000",5,359
"bolt","M0304040000",5,360
"bumpers","M1201050000",5,361
"button head cap screw","M1802031000",5,362
"button head cap screws","M1802031000",5,363
"caster","M1502060000",5,364
"chuck","K1101000000",5,365
"clamp","P0303050000",5,366
"clamps","M0306020400",5,367
"clamps","M1604000000",5,368
"clamps","M2008040000",5,369
"collar","K0702040000",5,370
"conveyor","M1101000000",5,371
"conveyors","M1101000000",5,372
"conveyors","M1503020300",5,373
"core pin","K0300000000",5,374
"ejector pin","K1201020000",5,375
"extrusion","M1504000000",5,376
"feet","M1602010000",5,377
"gas spring","K1003000000",5,378
"gas spring","P0402000000",5,379
"guides","M0304070000",5,380
"hex","M1401010000",5,381
"hinge","M0808000000",5,382
"hinge pin","M0808000000",5,383
"hinges","M1502010000",5,384
"hose","M2000000000",5,385
"joint","M1920040000",5,386
"key","P0101140500",5,387
"latch","M1706000000",5,388
"leveling","M1502050000",5,389
"linear","M0104000000",5,390
"linear","M0116040000",5,391
"link","M1920050000",5,392
"mc nylon","M1402020102",5,393
"motor","M0118050000",5,394
"parallel key","M1804040200",5,395
"pins","M0501010000",5,396
"pipe fittings","M2002000000",5,397
"plate","M0606030000",5,398
"plates","M1603000000",5,399
"plug","M1802050200",5,400
"plug","P0302030000",5,401
"plunger","M0303020200",5,402
"post","P0204010000",5,403
"punch","P0100000000",5,404
"roller","M0302010100",5,405
"roller","M1101030000",5,406
"roller bearing","M0802020000",5,407
"rubber","M1301020200",5,408
"screw","M0304050000",5,409
"screw","P0302020000",5,410
"screws","M0304010000",5,411
"servo motor","M0118040000",5,412
"shaft","M0103000000",5,413
"shaft collars","M0103000000",5,414
"shaft couplings","M1001000000",5,415
"shim","P0101140400",5,416
"shock","M1203000000",5,417
"slide","M0117000000",5,418
"slides","M0117000000",5,419
"spline shaft","M0106000000",5,420
"spring","K1001000000",5,421
"spring","K1002000000",5,422
"spring","M1804030000",5,423
"stage","M0306000000",5,424
"steel plate","K0604000000",5,425
"steel plates","M1401020200",5,426
"stop pin","M0304030000",5,427
"stopper block","M0304010200",5,428
"suction cups","M1912000000",5,429
"switch","M0402000000",5,430
"tension","M1009000000",5,431
"tool steel","M1401020503",5,432
"u-bolt","M1802030100",5,433
"vibration","M1301000000",5,434
"washers","M1201020000",5,435
"welded steel stands","M1605030000",5,436
"adjusting","M0307000000",4,437
"adjusting bolts","M0304020000",4,438
"adjustment bolt","M0304020000",4,439
"adjustment screw","M0304010000",4,440
"aluminum extrusion","M1502000000",4,441
"aluminum plates","M1401020100",4,442
"angle","P0303050900",4,443
"arm","M1604040000",4,444
"ball plungers","M0302010100",4,445
"ball screws","M0114000000",4,446
"bolt","K0801000000",4,447
"bolt","K1004030000",4,448
"bracket","M1203020100",4,449
"brackets","M1501000000",4,450
"bumper","M1201011100",4,451
"bushing","K0304020000",4,452
"button die","P0104000000",4,453
"buttons","M0302040000",4,454
"cable carrier","M0112000000",4,455
"cap screw","M1802031000",4,456
"cap screw","P0302020000",4,457
"casters","M1602000000",4,458
"ceramic","M1803040200",4,459
"coil springs","P0401000000",4,460
"compression springs","M1202030000",4,461
"contact probes","M0502000000",4,462
"conveyor","M1502040200",4,463
"conveyor rollers","M1101030000",4,464
"coupling","K0903000000",4,465
"cylinder","M1901000000",4,466
"die spring","P0202070500",4,467
"din rail","M0404000000",4,468
"ejector blade","K0105000000",4,469
"extrusion bracket","M1501000000",4,470
"extrusions","M1501000000",4,471
"fitting","M1905000000",4,472
"gripper","M1919000000",4,473
"hook","M1707010000",4,474
"joint","M1920010000",4,475
"keys","P0303050400",4,476
"l bracket","M0401010300",4,477
"l bracket","M1602050000",4,478
"latch","M1705000000",4,479
"lead screws","M0115000000",4,480
"leveling mounts","M1502050000",4,481
"linear","M0113000000",4,482
"linear guides","M0117000000",4,483
"linear slides","M0117000000",4,484
"locating pins","P0309040000",4,485
"low head cap screw","M1802061200",4,486
"magnets","M1604040000",4,487
"materials","M1401000000",4,488
"nuts","M0803000000",4,489
"oil free bushing","M0107000000",4,490
"pad","P0307020500",4,491
"pilot punches","P0102000000",4,492
"pin","K0703020000",4,493
"pipe fittings","M2000000000",4,494
"plastic bearing","M1106020000",4,495
"plungers","P0301070000",4,496
"rail","M0117000000",4,497
"rail","M0404000000",4,498
"roller","M0111010000",4,499
"roller carrier","M1101070000",4,500
"roller conveyor","M1101070000",4,501
"rotary","M0800000000",4,502
"rotary actuator","M1901000000",4,503
"rotary shafts","M0801000000",4,504
"scale","M1304030300",4,505
"screws","M1701020000",4,506
"screws","P0302020000",4,507
"seals","M2010000000",4,508
"sensors","M0400000000",4,509
"servo","M0118040000",4,510
"shaft","M0106000000",4,511
"shims","P0303050200",4,512
"sleeve","K0802010000",4,513
"slide","M0116040000",4,514
"slide rail","M1704000000",4,515
"spur gears","M1006010000",4,516
"stands","M0306020400",4,517
"steel","M1401040000",4,518
"stopper","M0304010200",4,519
"stops","M0304010200",4,520
"stripper bolt","M1802030300",4,521
"t nuts","M1501020000",4,522
"thermocouple","K0901020000",4,523
"thread inserts","M1802010200",4,524
"threaded insert","M1802060200",4,525
"threaded stud","M1802030800",4,526
"threaded studs","M1802030800",4,527
"timing pulleys","M1002000000",4,528
"tube","M2001010000",4,529
"u joint","M1920010000",4,530
"urethane","P0307020500",4,531
"valve","M1903000000",4,532
"wire","M1304000000",4,533
"acrylic","M1402030201",3,534
"adjustment","M0307000000",3,535
"air","M2005020000",3,536
"aluminum extrusions","M1501020000",3,537
"angle brackets","M1602050000",3,538
"ball lock","M0302030000",3,539
"ball lock pin","M0302030000",3,540
"bar","K1006000000",3,541
"bar","M1401020400",3,542
"bearings","M0803000000",3,543
"bearings","M1106000000",3,544
"bearings with housings","M0806000000",3,545
"belt conveyor","M1101020000",3,546
"bolts","K0801000000",3,547
"bolts","M0304020000",3,548
"bolts","M1602040000",3,549
"bracket","M1202050200",3,550
"bracket","P0304060000",3,551
"bushing","K0702050000",3,552
"bushing","M1010000000",3,553
"bushings","P0203050000",3,554
"button head","M1802031000",3,555
"cam","P0306000000",3,556
"cam roller","M0807000000",3,557
"cartridge heater","M0603010000",3,558
"casters","M1502060000",3,559
"chain","M1304000000",3,560
"chain tensioner","M1009020000",3,561
"clamps","P0201080200",3,562
"clutch","M0900000000",3,563
"coil spring","K1001000000",3,564
"collars","K0702040000",3,565
"collars","M1803000000",3,566
"coupling","M1905020000",3,567
"date","K0503000000",3,568
"disc spring","M1202040000",3,569
"dowel pins","M1804030000",3,570
"dowels","P0302010000",3,571
"ejector pin","K0101000000",3,572
"extrusion cap","M1502040600",3,573
"eye bolt","K1005000000",3,574
"fitting","M2000000000",3,575
"fittings","M1905000000",3,576
"fittings","M2008050000",3,577
"flange bushing","M0104020000",3,578
"flanged linear bushing","M0104020000",3,579
"flat head","M1802061400",3,580
"flat spring","M1202060000",3,581
"floating joints","M1920040000",3,582
"gas spring","M1203000000",3,583
"gas springs","P0402000000",3,584
"gauge pin","P0309020000",3,585
"gear","M0901020000",3,586
"gear rack","M1006050000",3,587
"guide","M0304070000",3,588
"guide","M1101060100",3,589
"guide pin","K1002000000",3,590
"height adjust pin","M0301020000",3,591
"hexagon","P0302020000",3,592
"hfs6","M1501030800",3,593
"hfs6","M1501031100",3,594
"hinge bases","M1920020000",3,595
"hinges","M0808000000",3,596
"hose clamp","M2008040000",3,597
"idler","M1003020000",3,598
"idler","M1008030000",3,599
"idler","M1009010000",3,600
"index plunger","M0302000000",3,601
"key","P0303050500",3,602
"lead screw nut","M0115010000",3,603
"lens","M0504000000",3,604
"level","M0304140000",3,605
"leveler","M1502050000",3,606
"leveling","M0304140000",3,607
"linear bushing","M0104000000",3,608
"linear motion","M0113000000",3,609
"locate pin","M0301000000",3,610
"locate pins","P0304030000",3,611
"locating","M0300000000",3,612
"locator pin","P0304030000",3,613
"locator pin","P0304040000",3,614
"locator pins","P0304030000",3,615
"locking pins","K0107000000",3,616
"magnets","M1800000000",3,617
"material","M1402000000",3,618
"materials","M1402000000",3,619
"mesh","M1304070000",3,620
"metal collars","M1803020000",3,621
"metal washer","M1803010000",3,622
"mirror","M1402040200",3,623
"motor","M0118040000",3,624
"oil free bushings","M0107000000",3,625
"oil seal","M2010020000",3,626
"parallel key","M1804040100",3,627
"pin","M0304050000",3,628
"pin","P0301030000",3,629
"pin","P0303020000",3,630
"pins","M0304030000",3,631
"pins","M1008040000",3,632
"pins","P0201000000",3,633
"pipe","M1803020500",3,634
"pipes","M2000000000",3,635
"plate","M1201030200",3,636
"plate","M1402020000",3,637
"plates","M1401030000",3,638
"plates","M1402020000",3,639
"plug","K0903000000",3,640
"plug","K0905070000",3,641
"plug","K1107020000",3,642
"plungers","M0303020200",3,643
"pneumatic fittings","M1905000000",3,644
"post","P0203000000",3,645
"posts","P0204010000",3,646
"pump","M1911000000",3,647
"punch","P0101000000",3,648
"rails","M0117000000",3,649
"retainer","P0116000000",3,650
"ring","M0804000000",3,651
"rod","M1920060000",3,652
"roller","M0116000000",3,653
"roller bearings","M0802020000",3,654
"roller conveyer","M1101030000",3,655
"rollers","M0116000000",3,656
"rollers","M1101030000",3,657
"screw plug","P0302030000",3,658
"screws","M0115000000",3,659
"screws","M0304140000",3,660
"sensor","M0401000000",3,661
"sensor bracket","M0401010300",3,662
"sensor bracket","P0113030000",3,663
"set screws","M0103010000",3,664
"sleeve","K0304040000",3,665
"slide","M1704000000",3,666
"slide bolt","M1706050000",3,667
"slide rails","M1704000000",3,668
"sliding rail","M1704000000",3,669
"socket head","P0302020000",3,670
"socket head cap screws","M1802031100",3,671
"socket head cap screws","P0302020000",3,672
"socket head screw","M1802031100",3,673
"spacers","P0101140400",3,674
"spring","K1003000000",3,675
"spring","P0301070100",3,676
"spring pin","K1002000000",3,677
"spring pins","K1002000000",3,678
"spring post","M1202090000",3,679
"springs","P0400000000",3,680
"square nut","M1802020200",3,681
"stainless steel","M2001000000",3,682
"stand","M0306020400",3,683
"steel","M1401020300",3,684
"stop block","M0304010200",3,685
"stopper block","M0304060200",3,686
"stoppers","M0304040000",3,687
"stoppers","M0304060000",3,688
"support","M0119000000",3,689
"tank","M2012000000",3,690
"telescopic slide rails","M1704000000",3,691
"terminal","M0602050000",3,692
"threaded","M1802010200",3,693
"threaded inserts","M1802060200",3,694
"timing","M1002000000",3,695
"timing belts","M1002000000",3,696
"tube","M1909000000",3,697
"tubing","K0904000000",3,698
"u bracket","M1501000000",3,699
"u bracket","M1603000000",3,700
"urethane","M1106010000",3,701
"urethane","P0403000000",3,702
"urethane bearing","M1106010000",3,703
"v block","M1401030300",3,704
"v guide","M0117000000",3,705
"valves","M1908000000",3,706
"vibration","M1300000000",3,707
"washer","K1004000000",3,708
"washer","M1201110000",3,709
"washer","P0302060000",3,710
"welded steel stand","M1605030000",3,711
"wheel","M1602030000",3,712
"6061 aluminum","M1401020105",2,713
"7075 aluminum","M1401020103",2,714
"actuators","M0118000000",2,715
"adjusting screw","M0304010000",2,716
"adjusting screws","M0304010000",2,717
"adjustment bolts","M0304020000",2,718
"aluminum","M1504010000",2,719
"aluminum 6061","M1401020105",2,720
"aluminum frame","M1500000000",2,721
"ball bushing","M0104050000",2,722
"ball bushing","P0202050000",2,723
"ball cage","P0201080300",2,724
"ball lock","P0115020000",2,725
"ball pin","M0302030000",2,726
"bear","M0802000000",2,727
"bearing","M1920060000",2,728
"bearing units","M0805000000",2,729
"belt","M0118030000",2,730
"belt drive","M0118030000",2,731
"belt pulley","M1002000000",2,732
"belts","M1003000000",2,733
"bevel gear","M1006020000",2,734
"bevel gears","M1006020000",2,735
"block","M0304150000",2,736
"block","M1401020000",2,737
"block","M2006020000",2,738
"blocks","M0304060200",2,739
"blower","M1916000000",2,740
"bolt","M1201010400",2,741
"bolt","M1501020000",2,742
"bolts","K0803020000",2,743
"bolts","M1501020000",2,744
"bumper","M1201090000",2,745
"burring","P0114010000",2,746
"bush","M0107000000",2,747
"bushing","P0202000000",2,748
"button head screw","M1802031000",2,749
"cables","M0305020200",2,750
"cam","P0303051000",2,751
"cams","P0306000000",2,752
"cap","M1502040600",2,753
"cap","P0302020000",2,754
"cap screws","M1802031100",2,755
"chain","K0803030000",2,756
"chain","M1103000000",2,757
"chain conveyer","M1101040000",2,758
"chain sprocket","M1008000000",2,759
"chains","M1103000000",2,760
"check valve","M2007020000",2,761
"circular","M1401030200",2,762
"circular plates","M1401030200",2,763
"clamp lever","M1701030100",2,764
"clamp levers","M1701030100",2,765
"clamping","M0303000000",2,766
"clamps","M1901050000",2,767
"collar","P0104070000",2,768
"collars","M0103000000",2,769
"contact","M0502000000",2,770
"contact switch","M0402030000",2,771
"conveyor guide","M1101060100",2,772
"conveyor roller","M1101030000",2,773
"conveyors","M1100000000",2,774
"core pins","K0300000000",2,775
"countersunk bolt","M1803010900",2,776
"coupler","M2004000000",2,777
"coupling","M1905030000",2,778
"coupling","M2004000000",2,779
"cross rollers","M0116000000",2,780
"cylinder","M1920000000",2,781
"dowel","P0102080000",2,782
"drive shaft","M0801000000",2,783
"duct","M2008000000",2,784
"ej sleeve","K0201000000",2,785
"ejector","K0101000000",2,786
"ejector pin","K0102000000",2,787
"electromagnet","M1805030000",2,788
"end cap","M1502040600",2,789
"extrusion brackets","M1501000000",2,790
"extrusion nuts","M1501020000",2,791
"extrusions","M1504000000",2,792
"fasteners","M1800000000",2,793
"feed fingers","M1101060200",2,794
"fitting","M2002000000",2,795
"fitting","M2003000000",2,796
"fittings","M2002000000",2,797
"fixture","M0113010000",2,798
"fixture","M0501030000",2,799
"flange","P0105050000",2,800
"flanged bushing","M0104020000",2,801
"flat belt","M1102000000",2,802
"flat belts","M1102000000",2,803
"flat head cap screw","M1802061400",2,804
"flat head screw","M1802061400",2,805
"flat springs","M1202060000",2,806
"framing","M1500000000",2,807
"fulcrum","M0808030000",2,808
"fulcrum pins","M0808030000",2,809
"gas springs","M1203000000",2,810
"gauge","M1910020000",2,811
"geas","M1006000000",2,812
"grease","M1802050100",2,813
"grippers","M1919000000",2,814
"groove","P0101140500",2,815
"guide","M0108000000",2,816
"guide","M0110000000",2,817
"guide bushing","P0103000000",2,818
"guide bushings","P0103000000",2,819
"guide bushings","P0203050000",2,820
"guide bushings","P0204020000",2,821
"guide bushins","P0204020000",2,822
"guide pin","P0201000000",2,823
"guide pins","K1002000000",2,824
"guide rail","M1101060100",2,825
"guide rails","K0603000000",2,826
"guide rails","M0117000000",2,827
"gussets","M1605000000",2,828
"hand crank","M1701040000",2,829
"head cap screw","M1802031100",2,830
"height adjust pins","M0301020000",2,831
"height adjusting pins","M0301020000",2,832
"hexagon nut","M1802020300",2,833
"hexagon socket","P0302020000",2,834
"hfs","M1501010100",2,835
"hfs","M1501010400",2,836
"hfs8","M1501031600",2,837
"hinge pin","P0301060000",2,838
"hinges and handle","M1502010000",2,839
"hooks","M1705010000",2,840
"hooks","M1707010000",2,841
"hose","K0904000000",2,842
"hose","M2008000000",2,843
"hose fitting","M2008050000",2,844
"hydraulic","M1918000000",2,845
"idler pulley","M1002030000",2,846
"idler pulley","M1102020000",2,847
"insert","M1802060100",2,848
"inserts","M1802060200",2,849
"insulation","M0606000000",2,850
"joints","M1920010000",2,851
"joints","M1920040000",2,852
"keyless","M1010000000",2,853
"knuckle","M1920010000",2,854
"l shape","M1401040200",2,855
"latches","M1706000000",2,856
"lead nut","M0115010000",2,857
"level","M1304030200",2,858
"level","M1503020100",2,859
"level mounts","M1502050000",2,860
"leveling casters","M1602000000",2,861
"leveling mount","M1502050000",2,862
"levelling","M1502050000",2,863
"levers","M1701000000",2,864
"lifting eye bolt","K1005000000",2,865
"light","M0503020000",2,866
"linear","M0100000000",2,867
"linear bushings","M0104000000",2,868
"linear motion","M0100000000",2,869
"linear rail","M0117000000",2,870
"linear rails","M0117000000",2,871
"links","M1920050000",2,872
"locate pin","P0304030000",2,873
"locatin pin","P0304030000",2,874
"locating","K0408000000",2,875
"locating","M0301000000",2,876
"location pin","P0304030000",2,877
"locator pins","M0301000000",2,878
"locator pins","P0304040000",2,879
"lock nuts","M1802020400",2,880
"machine key","M1804000000",2,881
"machine screw","M1802060900",2,882
"machined plate","M1401030000",2,883
"magnet","M1917000000",2,884
"magnets","M1702010000",2,885
"material","M0606000000",2,886
"material guides","P0305010000",2,887
"metal collar","M1803040000",2,888
"metal plates","M1201030200",2,889
"micrometer head","M0306020100",2,890
"misumi pad","P0307020500",2,891
"motor","M0118060000",2,892
"motor","M0305000000",2,893
"motor","M0900000000",2,894
"motors","M0118040000",2,895
"mount","M1502050000",2,896
"mounting plate","M1603000000",2,897
"ncs","P0201060000",2,898
"nut hex","M1802020300",2,899
"o-rings","K0905020000",2,900
"oil free slide plate","M0108010000",2,901
"pad","K1102010000",2,902
"pads","P0307020500",2,903
"panel","M1601000000",2,904
"parallel keys","M1804040100",2,905
"peek","M1402020104",2,906
"perforated","M1601010000",2,907
"photomicrosensors","M0401020000",2,908
"phs","M1920060000",2,909
"pin","K0702030000",2,910
"pin","M1008040000",2,911
"pin","M1804000000",2,912
"pin","P0101140100",2,913
"pin","P0301020000",2,914
"pin","P0301060000",2,915
"pin","P0302010000",2,916
"pin","P0303060100",2,917
"pin","P0304030000",2,918
"pin","P0304080000",2,919
"pins","K0702010000",2,920
"pins","M0304050000",2,921
"pins","P0301060000",2,922
"pipe","M1402010100",2,923
"pipe","M1503000000",2,924
"pipes","M1503000000",2,925
"pipes","M1803020500",2,926
"plastic","M1104000000",2,927
"plastic plate","M1402020000",2,928
"plate","K0603020000",2,929
"plate","M1402030202",2,930
"plate","P0307020100",2,931
"plates","M0606020000",2,932
"pneumatic","M1900000000",2,933
"pole","M1401010000",2,934
"position indicator","M0115030000",2,935
"probe","M0502000000",2,936
"puller","K0801000000",2,937
"pulleys","M1102000000",2,938
"punch","P0102000000",2,939
"punch","P0105000000",2,940
"punch","P0115000000",2,941
"pushers","M1920030000",2,942
"racks","M1006050000",2,943
"rail","K0603000000",2,944
"rail","M1101060100",2,945
"rails","M0108000000",2,946
"rails","M1101060100",2,947
"reducer","M0900000000",2,948
"resin","M0107040000",2,949
"resin","M1402020000",2,950
"resin","M1402030000",2,951
"resin bushings","M0107010000",2,952
"resin washer","M0107040000",2,953
"resin washers","M0107040000",2,954
"retainer rings","M1804000000",2,955
"retaining pin","P0303020000",2,956
"ribs","M1605020000",2,957
"ring","M1106000000",2,958
"robot","M0118010000",2,959
"rod","M0306020400",2,960
"rod ends","M1920060000",2,961
"roller chain","M1103010100",2,962
"roller locks","K0802030000",2,963
"rollers","M0111010000",2,964
"rotary","M0801000000",2,965
"rotary","M1000000000",2,966
"rotary","M1901000000",2,967
"rotary actuators","M1901000000",2,968
"round","M1401010000",2,969
"round wire springs","M1202030100",2,970
"rubber","K0702020000",2,971
"rubber","M0603040000",2,972
"rubber","M1602010000",2,973
"rubber","M1602030100",2,974
"rubber bumpers","M1201050000",2,975
"screw","M0103010000",2,976
"screw","M0114000000",2,977
"screw","M0304140000",2,978
"screw","M0306020100",2,979
"sensor","M0404000000",2,980
"shaft ring","M1804010100",2,981
"shafting","M0101000000",2,982
"shafts","M0106000000",2,983
"shim","P0114130100",2,984
"shim","P0205020000",2,985
"shim","P0309050000",2,986
"shim ring","M1801030000",2,987
"shim tape","M1801010000",2,988
"shims","P0101140400",2,989
"shock","M1200000000",2,990
"shoulder","M1803020200",2,991
"silicon","M1201080400",2,992
"sleeve","K0200000000",2,993
"sleeve","K0201000000",2,994
"sleeves","K0200000000",2,995
"slide","M1502040200",2,996
"slide","M1901020000",2,997
"slide rail","M0117000000",2,998
"socket","K0903010000",2,999
"socket cap screw","M1802031100",2,1000
"socket head","M1802031100",2,1001
"socket head cap","P0302020000",2,1002
"socket head cap screw","M1802061300",2,1003
"socket screw","M1802031100",2,1004
"socket set screw","M1802031200",2,1005
"solenoid valve","M1903000000",2,1006
"spacer","P0104070000",2,1007
"spacer","P0203070500",2,1008
"spacer washer","K1004020000",2,1009
"spacers","K0703050000",2,1010
"spool retainer","P0303010000",2,1011
"spring","M1802060400",2,1012
"spring","P0202070500",2,1013
"spring","P0203070400",2,1014
"spring","P0303060200",2,1015
"spring","P0401000000",2,1016
"spring pins","M1804030000",2,1017
"spring plungers","M0302010200",2,1018
"spring plungers","P0301070100",2,1019
"spring washer","M1202080100",2,1020
"springs","K1001000000",2,1021
"springs","M0303020100",2,1022
"springs","M1200000000",2,1023
"springs","P0202070500",2,1024
"sprocket","M1104020000",2,1025
"square","M1501010200",2,1026
"ss","M0306020400",2,1027
"stages","M0306000000",2,1028
"stainless steel pipe","M2001000000",2,1029
"stand","M0104020400",2,1030
"stand","M1604000000",2,1031
"stand offs","M1605000000",2,1032
"static","M1302000000",2,1033
"steel plates","M1401020300",2,1034
"steel stand","M1605030000",2,1035
"steel tubing","M2001010000",2,1036
"stepped ejector pin","K0102000000",2,1037
"stepped pin","K0302000000",2,1038
"stepper","M0118050000",2,1039
"stop","M0304010200",2,1040
"stop bolt","M0304040000",2,1041
"stop pins","M0304030000",2,1042
"stopper","M1501020500",2,1043
"stopper bolts","M0304040000",2,1044
"stops","M0304040000",2,1045
"stripper","M1802030300",2,1046
"stripper","P0301030000",2,1047
"stripper bolts","P0302080000",2,1048
"strut clamp","M1604000000",2,1049
"struts","M1604000000",2,1050
"studs","M1802030800",2,1051
"suction cup","M1912000000",2,1052
"switch","K0701050000",2,1053
"temperature controller","M0600000000",2,1054
"thread","M1802030800",2,1055
"threaded","M1802030800",2,1056
"threaded inserts","M1802010200",2,1057
"threaded stopper block","M0304010200",2,1058
"tipped","M1201010800",2,1059
"tipped","M1201010900",2,1060
"torsion springs","M1202010000",2,1061
"tubes","M1401010100",2,1062
"turnbuckles","M1008020200",2,1063
"u-bolts","M1802030100",2,1064
"u bracket","M1203020100",2,1065
"u groove","M1202090600",2,1066
"u shaped","M1402030202",2,1067
"urethane cushion","M1201010000",2,1068
"urethane pad","P0403040000",2,1069
"v blocks","M1401030300",2,1070
"v rail","M0117000000",2,1071
"vacuum","M1911000000",2,1072
"vacuum","M2013000000",2,1073
"vacuum","P0104060100",2,1074
"valve","M2007000000",2,1075
"valves","M2007000000",2,1076
"vibration","M1602010000",2,1077
"washers","M1201070000",2,1078
"washers","M1802000000",2,1079
"washers","M2010030000",2,1080
"wedge","K0606040000",2,1081
"weld","M1605030000",2,1082
"welded stand","M1605030000",2,1083
"wing screw","M1802030400",2,1084
"wire springs","P0401010000",2,1085
"wire springs","P0401020000",2,1086
"worm gears","M1006040000",2,1087
"'u' bolt","M1802030100",1,1088
"1","M1401020101",1,1089
"20 20","M1501010100",1,1090
"25 series","M1501010100",1,1091
"303 stainless","M1401020301",1,1092
"316 stainless","M1401020303",1,1093
"45 bracket","M1501031500",1,1094
"7075","M1401020103",1,1095
"90","M1501010300",1,1096
"a6061","M1401020105",1,1097
"abrasive","M1201030300",1,1098
"accessories","K1000000000",1,1099
"acrylic","M1402030102",1,1100
"acrylic","M1402030103",1,1101
"actuators","M1901000000",1,1102
"adj","M0304020000",1,1103
"adjust","M0304150000",1,1104
"adjust","M0307000000",1,1105
"adjustable","K1101000000",1,1106
"adjustable","M0304010000",1,1107
"adjustable","P0304060300",1,1108
"adjustable fixtures","M0304150000",1,1109
"adjustable height","M0304150000",1,1110
"adjuster","K1101000000",1,1111
"adjuster","M0304020000",1,1112
"adjuster","M0307000000",1,1113
"adjuster","M1203010200",1,1114
"adjuster bolt","M0304020000",1,1115
"adjusting","M0304010000",1,1116
"adjusting","M0304020000",1,1117
"adjusting","M0304150000",1,1118
"adjusting","M1203010200",1,1119
"adjusting pin","K0405040000",1,1120
"adjusting pin","P0301040000",1,1121
"adjustment","M0304020000",1,1122
"air","K0106000000",1,1123
"air","M1901010000",1,1124
"air nozzle","M2005020000",1,1125
"al extrusion","M1500000000",1,1126
"alum t","M1501010000",1,1127
"alumi","M1401020100",1,1128
"alumin","M1500000000",1,1129
"aluminum","M1501020000",1,1130
"aluminum","M1501030000",1,1131
"aluminum","M1502000000",1,1132
"aluminum 20 20","M1501010100",1,1133
"aluminum extr","M1500000000",1,1134
"aluminum extrusion 5","M1501010100",1,1135
"aluminum extrusion brackets","M1501030000",1,1136
"aluminum extrusion mounts","M1502020000",1,1137
"aluminum extrusion nut","M1501020000",1,1138
"aluminum extrusion nuts","M1501020000",1,1139
"aluminum extrusion pipe frames","M1500000000",1,1140
"aluminum handle","M1502010000",1,1141
"aluminum pipe","M1500000000",1,1142
"angl","M1605000000",1,1143
"angle","K0601000000",1,1144
"angle gusset","M1605000000",1,1145
"angle pins","K0601000000",1,1146
"angle stands","M1605000000",1,1147
"angled plate","M1605000000",1,1148
"angles","M1401040000",1,1149
"angles","M1602050000",1,1150
"anp79","M1401020104",1,1151
"anti","M1300000000",1,1152
"anti vibration mount","M1602010000",1,1153
"ast","M1104000000",1,1154
"automation","P0305000000",1,1155
"automation components","P0304000000",1,1156
"aw","P0114060000",1,1157
"b","M0106010000",1,1158
"baffle","K0905010000",1,1159
"bake lite","M1402020108",1,1160
"bakelite","M1402020108",1,1161
"ball","M0302010100",1,1162
"ball","M0302030000",1,1163
"ball","M1107000000",1,1164
"ball","P0203020000",1,1165
"ball bearing","M1304030100",1,1166
"ball bushings","M0104050000",1,1167
"ball cage","P0203070100",1,1168
"ball catch","M1702010000",1,1169
"ball guide","P0203070200",1,1170
"ball lock","P0117000000",1,1171
"ball locking  pin","M0302030000",1,1172
"ball pins","M0302030000",1,1173
"ball plungers","P0301070200",1,1174
"ball slide","M0116040000",1,1175
"ball spline","M0106010000",1,1176
"ball valve","M1908020000",1,1177
"balls","M0302040000",1,1178
"barrel slide bolt","M1706050000",1,1179
"bas","M0106010000",1,1180
"base","M0306020200",1,1181
"battery","M1202060000",1,1182
"beaings","M0802000000",1,1183
"beaings","M0806000000",1,1184
"bear nut","M0803000000",1,1185
"bearing","M1304030100",1,1186
"bearing washer","M0803000000",1,1187
"bearings","M0804000000",1,1188
"bearins","M0802000000",1,1189
"bellow","M1001060000",1,1190
"belt","M1109000000",1,1191
"belt actuator","M0118030000",1,1192
"belt pulleys","M1002000000",1,1193
"belts","M0118030000",1,1194
"belts","M1101020000",1,1195
"belts","M1102000000",1,1196
"bend dies","P0114080000",1,1197
"blind joints","M1501010500",1,1198
"block","K0606000000",1,1199
"block","M0304080000",1,1200
"block","M1201040000",1,1201
"blocks","M0304080000",1,1202
"blocks","M1401030000",1,1203
"blocks","M2006020000",1,1204
"bolt","M1602040000",1,1205
"bolt","M1706050000",1,1206
"bolt","M1707010600",1,1207
"bolts","K1004030000",1,1208
"bolts","M0304040000",1,1209
"bolts","M1201010400",1,1210
"both ends","M0101010500",1,1211
"box","M1802060000",1,1212
"box","P0101140700",1,1213
"box","P0305060000",1,1214
"brackets","M0401010300",1,1215
"brackets","P0304060000",1,1216
"brackets 8","M1501031600",1,1217
"brake","M0900000000",1,1218
"brushes","M1304060000",1,1219
"bumpers","M1201011100",1,1220
"bumpers","M1201090000",1,1221
"bush","M0104000000",1,1222
"bush","P0103000000",1,1223
"bushiing","M0501020000",1,1224
"bushiing","P0103000000",1,1225
"bushiing","P0203050000",1,1226
"bushin","M0107000000",1,1227
"bushing","P0201000000",1,1228
"bushing housing","M0104030000",1,1229
"bushings","M1010000000",1,1230
"bushins","M0107000000",1,1231
"button","P0117020000",1,1232
"button die","P0109000000",1,1233
"button dies","P0104000000",1,1234
"button head screws","M1802030700",1,1235
"button screws","M1802031000",1,1236
"c type ring","M1804010200",1,1237
"ca follow","M0807000000",1,1238
"cable","M0112000000",1,1239
"cam","K0601030000",1,1240
"cam","M0405010000",1,1241
"cam followers","M0807000000",1,1242
"cams","M0807000000",1,1243
"cantilever","M0808000000",1,1244
"cap screw","M1802061300",1,1245
"carbide","P0111000000",1,1246
"carbide","P0112040000",1,1247
"carbide","P0112060000",1,1248
"carbide","P0112070000",1,1249
"carbide pins","K0401020000",1,1250
"carbide punch","P0112040000",1,1251
"carbon steel","M1401020201",1,1252
"carbon steel","M1401020202",1,1253
"carbon steel","M1401020203",1,1254
"carbon steel","M1401020205",1,1255
"cartridge heater","K0901010000",1,1256
"cartridge heaters","M0603010000",1,1257
"case","M1402030201",1,1258
"casters","M1503020100",1,1259
"cc lens","M0504010000",1,1260
"center pin","K0203000000",1,1261
"centering pin","K0200000000",1,1262
"centering sleeve","K0200000000",1,1263
"ceramic","M1402040300",1,1264
"ceramic insulator","M1402040300",1,1265
"chain","M1101040000",1,1266
"chain conveyer","M1103000000",1,1267
"chain guide","M1008020100",1,1268
"chain guide tensioner","M1009020000",1,1269
"chain guides","M1008020100",1,1270
"chain sprockets","M1008000000",1,1271
"chain tensioner","K0803030000",1,1272
"chains","M1008000000",1,1273
"check valve","M1907030000",1,1274
"chemical products","K1009000000",1,1275
"chloroprene rubber","M1201080300",1,1276
"circuit","K0905070000",1,1277
"circular","M1402020300",1,1278
"cl","M1604000000",1,1279
"clamp","M0304050000",1,1280
"clamp screw","M0304050000",1,1281
"clamp stands","M1604000000",1,1282
"clamping","M0304050000",1,1283
"clamping","M1604000000",1,1284
"clamping","M1901050000",1,1285
"clamping","P0303050000",1,1286
"clamping screws","M0304050000",1,1287
"clamps","M0304050000",1,1288
"clamps","M1701030100",1,1289
"clutches","M0900000000",1,1290
"coil springs","K1001000000",1,1291
"collae","K0702040000",1,1292
"collae","M0103000000",1,1293
"collars","P0104070000",1,1294
"compact cylinder","M1901010400",1,1295
"compresion springs","M1202030000",1,1296
"compression","M1202030000",1,1297
"compressor","M1916000000",1,1298
"contact sensor","P0113010000",1,1299
"conveyer","M1100000000",1,1300
"conveyer roller","M1105020000",1,1301
"conveyor roller","M1101070000",1,1302
"conveyor rollers","M1101070000",1,1303
"cooling","K0900000000",1,1304
"cooling","K0905000000",1,1305
"cooling","K1201010000",1,1306
"cooling","P0302110000",1,1307
"copper","M1401030700",1,1308
"copper plate","M1401030700",1,1309
"core pins","K0301000000",1,1310
"cores","K0301000000",1,1311
"counterbore","M1201010600",1,1312
"counterbore","M1201050400",1,1313
"counterbore type","M1201010600",1,1314
"counterbore type","M1201050400",1,1315
"countersunk","M1803010900",1,1316
"couple","M1001000000",1,1317
"cover","M1402030000",1,1318
"cover","M1802030200",1,1319
"cover screws","M1802030200",1,1320
"covers extrusion","M1502030000",1,1321
"crank","M1701040000",1,1322
"crank handle","M1701040000",1,1323
"cross roller table","M0116020000",1,1324
"cups","M1912000000",1,1325
"cushion","M1201010000",1,1326
"cutting gate","K0404000000",1,1327
"d shaft","M0801000000",1,1328
"d shaped bushing","P0115050000",1,1329
"date","K0500000000",1,1330
"die","P0100000000",1,1331
"die","P0106000000",1,1332
"die","P0112000000",1,1333
"die","P0303000000",1,1334
"die","P0403040000",1,1335
"die buttons","P0104000000",1,1336
"die lifting","P0307000000",1,1337
"die locator","P0304000000",1,1338
"die post","P0202000000",1,1339
"die set","P0202000000",1,1340
"die springs","P0202070500",1,1341
"digital","M0115030000",1,1342
"digital indicator","M0115030000",1,1343
"din","M0404000000",1,1344
"distance guide rings","P0204050000",1,1345
"dog point","M1201050300",1,1346
"dog point","M1803030400",1,1347
"door","M1703000000",1,1348
"door hing","M1502010000",1,1349
"door hinge","M1502010000",1,1350
"double","M0104010300",1,1351
"dow","P0302010000",1,1352
"dowel","P0101080000",1,1353
"dowel","P0203070300",1,1354
"dowel  pin","K1007000000",1,1355
"dowel pin","P0203070300",1,1356
"dowel ring","M1804030000",1,1357
"dowell","P0302010000",1,1358
"dowell pins","K1007000000",1,1359
"dowell pins","P0302010000",1,1360
"dowells","K1007000000",1,1361
"dowells","M1804030000",1,1362
"dowells","P0302010000",1,1363
"drawing die","P0114060000",1,1364
"drawing dies","P0114060000",1,1365
"drawing punch","P0114050000",1,1366
"drive shafts","M0801000000",1,1367
"e ring","M0803000000",1,1368
"e ring","M0806000000",1,1369
"e ring","M1106000000",1,1370
"e ring","M1804000000",1,1371
"e ring","M1920060000",1,1372
"ej blades","K0105000000",1,1373
"ej pin","K0100000000",1,1374
"ej pin","K0101000000",1,1375
"eject pin","K0101000000",1,1376
"ejector","K0103000000",1,1377
"ejector","K0202000000",1,1378
"ejector die","K1201020000",1,1379
"ejector leader pin","K0701010000",1,1380
"ejector pin","K0107000000",1,1381
"ejector pin","K0701010000",1,1382
"ejector pins","K0105030000",1,1383
"ejector sleeve","K1201030000",1,1384
"ejectors","K0100000000",1,1385
"electrical","K0406000000",1,1386
"end caps","M1502040600",1,1387
"end rod","M1920060000",1,1388
"engraving","K0301040000",1,1389
"engraving","P0114100000",1,1390
"exhaust valves","M1907040000",1,1391
"extrusi","M1501000000",1,1392
"extrusion casters","M1502060000",1,1393
"extrusion cover","M1502030000",1,1394
"extrusion door handle","M1502010000",1,1395
"extrusion end cap","M1502040600",1,1396
"extrusion nut","M1501020000",1,1397
"extrusion panel mounts","M1502020000",1,1398
"eye","K1005000000",1,1399
"eye","M1707010600",1,1400
"eye bolt","M1707010600",1,1401
"eyebolts","M1707010600",1,1402
"fastener","M1705000000",1,1403
"fasteners","M1802050000",1,1404
"feed screw","M0306020100",1,1405
"feet","M1101020200",1,1406
"filter","M1913020000",1,1407
"fingers","M1919020000",1,1408
"fit in","M1905000000",1,1409
"fitting","M1915000000",1,1410
"fitting","P0301080200",1,1411
"fittings","M2000000000",1,1412
"fixed stopper","P0201080500",1,1413
"flange","M0104020000",1,1414
"flange","M0805020000",1,1415
"flanged linear","M0104020000",1,1416
"flat","M0304090000",1,1417
"flat","M1603010100",1,1418
"flat bar","M1401020400",1,1419
"flat bars","M1401020400",1,1420
"flat head screws","M1802061400",1,1421
"flat spring","M1802060400",1,1422
"flexible hose","M2008000000",1,1423
"flow control","M1907020000",1,1424
"flow sensor","M1910000000",1,1425
"form punch","P0114000000",1,1426
"forming punch","P0114000000",1,1427
"frame","M1500000000",1,1428
"frames","M1503000000",1,1429
"g pipe fitting","M1905000000",1,1430
"gas","M1203000000",1,1431
"gas springs","K1003000000",1,1432
"gauge","P0309020000",1,1433
"gauge","P0309030000",1,1434
"gauges","P0309010000",1,1435
"gauges","P0309030000",1,1436
"gear spur","M1006010000",1,1437
"gel","M1301020100",1,1438
"glass","M1402040200",1,1439
"goniometer","M0306010700",1,1440
"grease nipples","M1802050100",1,1441
"grinding","K0604010000",1,1442
"grinding","K0604030000",1,1443
"gripper fingers","M1919020000",1,1444
"groove","M1202090500",1,1445
"groove","P0101040000",1,1446
"guide","M0105000000",1,1447
"guide","M0111010000",1,1448
"guide","P0204000000",1,1449
"guide bush","P0203050000",1,1450
"guide bush","P0204020000",1,1451
"guide bushing","P0201000000",1,1452
"guide bushing","P0202000000",1,1453
"guide bushing","P0203050000",1,1454
"guide bushing","P0204020000",1,1455
"guide bushings","P0201000000",1,1456
"guide plates","K0603020000",1,1457
"guide post","P0203000000",1,1458
"guide post","P0204010000",1,1459
"guide post set","P0203000000",1,1460
"guide rail","M0108000000",1,1461
"guide rail","M0117000000",1,1462
"guiding rails","M0108000000",1,1463
"guiding rails","M0117000000",1,1464
"hair pin","M1804020000",1,1465
"hand knobs","M1701000000",1,1466
"handle","M1706000000",1,1467
"handles","M0303010500",1,1468
"handles","M1100000000",1,1469
"hardened plate","K0606010000",1,1470
"hardware","M1700000000",1,1471
"head cap screw","M1802061200",1,1472
"heat","M1201030300",1,1473
"heat resistant","M0603080000",1,1474
"heater","M0603000000",1,1475
"heel plate","P0204060000",1,1476
"height","M0301020000",1,1477
"height adjusting","M0301020000",1,1478
"height adjusting pin","M0301020000",1,1479
"height adjustment","M0301020000",1,1480
"helical gears","M1006010000",1,1481
"hex","M1202090800",1,1482
"hex  nuts","M1802020300",1,1483
"hex cap screw","M1802061300",1,1484
"hex rod","M1401010000",1,1485
"hex screw","M1802030900",1,1486
"hex screw","M1802031100",1,1487
"hex screws","M1802031000",1,1488
"hex screws","M1802061200",1,1489
"hex socket","M1202090900",1,1490
"hex socket head cap screws","P0302020000",1,1491
"hex socket screw","M1802031200",1,1492
"hex socket set screw","M1802031200",1,1493
"hex socket set screws","M1802031200",1,1494
"hexagon crew","P0302020000",1,1495
"hexagon screw","P0302020000",1,1496
"hexagon socket head cap screw","P0302020000",1,1497
"hexagon socket screw","P0302020000",1,1498
"hfs","M1501010200",1,1499
"hfs5","M1501030200",1,1500
"hfs5","M1501030500",1,1501
"hfs6","M1501030700",1,1502
"hfs6","M1501030900",1,1503
"hfs6","M1501031000",1,1504
"hfs8","M1501031500",1,1505
"hfs8","M1501032000",1,1506
"high precision plates","M1401030500",1,1507
"hinge","P0303060100",1,1508
"hinge pin","P0201000000",1,1509
"hinge pins","M0808000000",1,1510
"hinge pins","P0303060100",1,1511
"hinges","P0102120000",1,1512
"hollow linear","M0101020000",1,1513
"hos","M2000000000",1,1514
"hose","M2005010000",1,1515
"hose","M2009000000",1,1516
"housed bearings","M0806000000",1,1517
"housing bearing","M0806000000",1,1518
"humidity","M0602040000",1,1519
"idle","M1003020000",1,1520
"idler","M1008040000",1,1521
"idlers","M1009010000",1,1522
"igus","M1803020300",1,1523
"indexing","M0302000000",1,1524
"indexing plunger","M0302000000",1,1525
"indicator","M0115030000",1,1526
"industrial","M1400000000",1,1527
"industrial materials","M1400000000",1,1528
"insert","K0606000000",1,1529
"insert","M1501020100",1,1530
"insert","M1501020200",1,1531
"insert nut","M1501020100",1,1532
"insert threaded","M1802010200",1,1533
"insertion nut","M1501020100",1,1534
"inserts","K0500000000",1,1535
"inserts","K0606000000",1,1536
"inserts","M1802060100",1,1537
"insulated","M1402040300",1,1538
"insulating dowel pins","M1804030400",1,1539
"insulation","K0902000000",1,1540
"insulation","M1402040300",1,1541
"insulation plates","M0606020000",1,1542
"insulator","M1402040300",1,1543
"interlock","K0703060000",1,1544
"joint","M1503020400",1,1545
"joints","M1503030000",1,1546
"key","M1804000000",1,1547
"key hole","M1804040300",1,1548
"keys","P0303050500",1,1549
"knobs","M0302020100",1,1550
"knobs","M0302020300",1,1551
"knuckle joint","M1920010000",1,1552
"l bracket","M1202050200",1,1553
"l bracket","M1501000000",1,1554
"l brackets","M0401010300",1,1555
"l brackets","M1202050200",1,1556
"l brackets","M1602050000",1,1557
"l brackets","M1603000000",1,1558
"l handle","M1701000000",1,1559
"l handle","M1706000000",1,1560
"l shape","M1401030100",1,1561
"l shape","M1401030300",1,1562
"l shape","M1401030800",1,1563
"l shape","M1501030500",1,1564
"lamp","M0503000000",1,1565
"lead","M0115000000",1,1566
"leader pin","K0702010000",1,1567
"level","M1502050000",1,1568
"level","M1600000000",1,1569
"level feet","M1602010000",1,1570
"leveler","M1503020100",1,1571
"leveling","M1600000000",1,1572
"leveling bolt","M1602040000",1,1573
"lever","M0302020200",1,1574
"lever","M1706010400",1,1575
"lift","M1707010600",1,1576
"lift eye","M1707010600",1,1577
"lifter","P0303040000",1,1578
"lifters","P0301000000",1,1579
"lifting","K1005000000",1,1580
"lifting","P0307000000",1,1581
"lifting eye","K1005000000",1,1582
"lifting eye bolt","M1707010600",1,1583
"lifting eyebolts","M1707010600",1,1584
"linear","M0101000000",1,1585
"linear","M0111000000",1,1586
"linear","M0117000000",1,1587
"linear b","M0104000000",1,1588
"linear bus","M0104000000",1,1589
"linear guide rail","M0117000000",1,1590
"linear motion","M0111000000",1,1591
"linear motion units","M0113000000",1,1592
"linear shafts","M0101000000",1,1593
"linear slides","M0116040000",1,1594
"locate","M0300000000",1,1595
"locate","M0301000000",1,1596
"locate","P0309040000",1,1597
"locate pin","P0304040000",1,1598
"locate pins","M0301000000",1,1599
"locate pins","P0304040000",1,1600
"locate pins","P0309040000",1,1601
"locating","M0304000000",1,1602
"locating","P0303050400",1,1603
"locating key","P0303050400",1,1604
"locating ping","P0309040000",1,1605
"locating ring","K0408000000",1,1606
"location key","P0303050400",1,1607
"location pin","P0304040000",1,1608
"location pins","P0304040000",1,1609
"locator","M0300000000",1,1610
"locator","P0309040000",1,1611
"locator pin","M0301000000",1,1612
"locator rings","K0408000000",1,1613
"locators","M0300000000",1,1614
"lock","M0302030000",1,1615
"lock","M0304010200",1,1616
"lock","M0304080000",1,1617
"lock","M1802020400",1,1618
"lock pin","K0107000000",1,1619
"lock pin","K0606000000",1,1620
"lock pin","M0302030000",1,1621
"locking handle","M1706000000",1,1622
"locking latch handle","M1706000000",1,1623
"locking latches","M1706000000",1,1624
"locking pins","M0302030000",1,1625
"locking t pins","M0302030000",1,1626
"locks","M0302030000",1,1627
"locks","M0304080000",1,1628
"low cap screw","M1802061200",1,1629
"low head screw","M1802061200",1,1630
"low head socket head cap screw","M1802061200",1,1631
"lubricant","K1009010000",1,1632
"lubricants","K1009010000",1,1633
"lug","K0904040000",1,1634
"machine screws","M1802060900",1,1635
"machined block","M1401030000",1,1636
"machined plate","M0606030000",1,1637
"machined plates","M1401030000",1,1638
"magnet","M1604040000",1,1639
"magnet arm","M1604040000",1,1640
"magnet catch","M1702010000",1,1641
"magnet catches","M1702010000",1,1642
"magnetic","P0302050000",1,1643
"magnetic base","M1604040000",1,1644
"magnetic catch","M1702010000",1,1645
"manual stage","M0306000000",1,1646
"material","M1805010000",1,1647
"materials","M1302020000",1,1648
"materials","M1400000000",1,1649
"mesh","M1504000000",1,1650
"metal","M1401000000",1,1651
"metal","M1501030600",1,1652
"metal collars","M1803040000",1,1653
"metal panel","M1601030000",1,1654
"metal plates","M1603020000",1,1655
"metal washers","M1803010000",1,1656
"mica","K1009000000",1,1657
"mini","M1905020000",1,1658
"misumi 5","M1501010100",1,1659
"misumi clamp","M0303000000",1,1660
"misumi extrusions","M1500000000",1,1661
"misumi locating pins","M0301000000",1,1662
"mold comps","K0804000000",1,1663
"molding","K0804000000",1,1664
"motor drive","M0118050000",1,1665
"motors","M0118050000",1,1666
"motors","M0118060000",1,1667
"motors","M0900000000",1,1668
"mount","M1202050200",1,1669
"mount","M1502020000",1,1670
"mount","M1502040300",1,1671
"mount","M1603000000",1,1672
"mounting","M1502040300",1,1673
"mounting","M1502050000",1,1674
"mounts","M1603000000",1,1675
"name","P0302100100",1,1676
"ncs","M1401030600",1,1677
"nd","M0104010200",1,1678
"nitrile","M1201081200",1,1679
"nk","M1701040000",1,1680
"nozzles","M2005000000",1,1681
"nsa","K0905030000",1,1682
"nut","M0115040000",1,1683
"nut hexagon","M1802020300",1,1684
"nut insert","M1501020200",1,1685
"nuts","M0115010000",1,1686
"nuts for extrusion","M1501020000",1,1687
"nylon","M1402020102",1,1688
"o-rings","M2010010000",1,1689
"oil bushing","K0702060000",1,1690
"oil free slide plate","P0205000000",1,1691
"one end threaded one end tapped","M0101010600",1,1692
"one touch","M1905030000",1,1693
"oversize dowel pin","M1804030200",1,1694
"oversized dowel pins","M1804030200",1,1695
"pad","M1301020300",1,1696
"pad","P0204070000",1,1697
"pad","P0403040000",1,1698
"pads","K1102010000",1,1699
"pads","M1301020300",1,1700
"pads","P0204070000",1,1701
"panel","M1502020000",1,1702
"panel","M1600000000",1,1703
"panel extrusion","M1502020000",1,1704
"panel input detectors","P0304010000",1,1705
"panel mount","M1502020000",1,1706
"panel mounts for aluminum extrusions","M1502020000",1,1707
"parallel","M1804030600",1,1708
"parallel key hole","M1804040200",1,1709
"parallel keys","M1804040200",1,1710
"parallel pin","M1804030600",1,1711
"photo sensor","M0401020000",1,1712
"photoelectric sensors","M0401010000",1,1713
"pilot","P0304030100",1,1714
"pin","K0100000000",1,1715
"pin","K0301000000",1,1716
"pin","K0702010000",1,1717
"pin","K0703050000",1,1718
"pin","K1002000000",1,1719
"pin","K1007000000",1,1720
"pin","M2008010000",1,1721
"pin","P0309040000",1,1722
"pin adjuster","P0301040000",1,1723
"pin ejector","K0100000000",1,1724
"pin gauge","P0309020000",1,1725
"pin sleevs","K0200000000",1,1726
"pin ss","P0301040000",1,1727
"pin taper","K0204000000",1,1728
"pins","K0100000000",1,1729
"pins","K0200000000",1,1730
"pins","K0300000000",1,1731
"pins","K0702030000",1,1732
"pins","K0703020000",1,1733
"pins","P0101140100",1,1734
"pins","P0301030000",1,1735
"pins","P0303040000",1,1736
"pins","P0303060100",1,1737
"pins","P0304070000",1,1738
"pins","P0304080000",1,1739
"pins guide","K1002000000",1,1740
"pins straight","K0101000000",1,1741
"pipe","M1905000000",1,1742
"pipe","M2011000000",1,1743
"pipe fitting","M2000000000",1,1744
"pipe fittings","M1905000000",1,1745
"pipe frames","M1503000000",1,1746
"piping","M2001000000",1,1747
"plastic","M1804030400",1,1748
"plastic bearings","M1106020000",1,1749
"plastic block","M1402020000",1,1750
"plastic dowel","M1804030400",1,1751
"plastic plates","M1402020000",1,1752
"plate","K0702070000",1,1753
"plate","K0805000000",1,1754
"plate","M0108000000",1,1755
"plate","M1303040000",1,1756
"plate","P0303050200",1,1757
"plate aluminum","M1401020100",1,1758
"plate steel","M1401020200",1,1759
"plates","M0606030000",1,1760
"plates","M1201030200",1,1761
"plates","M1402030202",1,1762
"plates","M1605000000",1,1763
"plug","K0904020000",1,1764
"plug","K0904040000",1,1765
"plug","K1004010000",1,1766
"plugs","P0302030000",1,1767
"plungers","M0302000000",1,1768
"pneumatic","M1901020000",1,1769
"pneumatic","M1915000000",1,1770
"pneumatic cylinder","M1901020000",1,1771
"pneumatic fitting","M1905000000",1,1772
"pneumatics, hydraulics","M1900000000",1,1773
"points","K0401000000",1,1774
"polyacetal","M1402020109",1,1775
"positioner","M0300000000",1,1776
"positioning","M0115030000",1,1777
"post","M1600000000",1,1778
"post-assembly insertion","M1501020100",1,1779
"post clamp","M1604000000",1,1780
"post stand","M1604000000",1,1781
"posts","M1600000000",1,1782
"posts","P0202000000",1,1783
"posts for tension springs","M1202090000",1,1784
"precision punch","P0112000000",1,1785
"press","P0301040000",1,1786
"pressure","M1904030000",1,1787
"pressure","M1910000000",1,1788
"pressure gauge","M1910020000",1,1789
"pressure gauges","M1910020000",1,1790
"pressure sensor","M1913030000",1,1791
"prox sensor","M0401030000",1,1792
"pump","M1918000000",1,1793
"punch","P0103000000",1,1794
"punch","P0110000000",1,1795
"punch","P0114000000",1,1796
"punch blanks","P0101130000",1,1797
"punches","P0101000000",1,1798
"punches","P0108000000",1,1799
"punches","P0115000000",1,1800
"pushing pin","P0301060000",1,1801
"rack gear","M1006050000",1,1802
"rack gears","M1006050000",1,1803
"rail","M0108000000",1,1804
"rails","K0603000000",1,1805
"recycle insert","K0500000000",1,1806
"regulator","M1904000000",1,1807
"resin","M1701020200",1,1808
"resin","M1803040100",1,1809
"resin circular plates","M1402020303",1,1810
"resin plate","M1402020000",1,1811
"resin plates","M1402020000",1,1812
"resin rod","M1402010000",1,1813
"retainer pins","P0303020000",1,1814
"retainer ring","M1804000000",1,1815
"retaining","M1804000000",1,1816
"retaining","P0303020000",1,1817
"retaining pins","M1804000000",1,1818
"retaining pins","P0303020000",1,1819
"retainment ring","M1804000000",1,1820
"retainning ring","M1804000000",1,1821
"rib","M1605020000",1,1822
"ring","M1804000000",1,1823
"ring pin","K1002000000",1,1824
"ring pin","M1804000000",1,1825
"ring retaining","M1804000000",1,1826
"rings","M0804000000",1,1827
"rod","M0102010000",1,1828
"rod","M1402010000",1,1829
"rod end bearing","M1920060000",1,1830
"rod end bearings","M1920060000",1,1831
"rod rod","M1401010000",1,1832
"rods","M0102010000",1,1833
"rods","M0306020400",1,1834
"roll ball screw","M0114020000",1,1835
"roller","M0601030000",1,1836
"roller","M0802020000",1,1837
"roller conveyor","M1101030000",1,1838
"roller conveyors","M1101030000",1,1839
"roller conveyors","M1101070000",1,1840
"roller guide","M0116010000",1,1841
"roller guides","P0201080500",1,1842
"rotation","M0306010600",1,1843
"rough guide","P0304020200",1,1844
"rough guides","P0304020200",1,1845
"round","M1003000000",1,1846
"round","M1802040100",1,1847
"round rod","M1401010000",1,1848
"round washers","M1802040100",1,1849
"round wire","P0401010000",1,1850
"round wire spring","P0401010000",1,1851
"round wire springs","P0401020000",1,1852
"rs","M0118000000",1,1853
"rs actuator","M0118000000",1,1854
"rubber","M1805010300",1,1855
"rubber bumper","M1201050000",1,1856
"rubber magnet","M1805010300",1,1857
"rubber washer","M1201070000",1,1858
"rubber washers","M1201070000",1,1859
"rubberheater","M0603040000",1,1860
"runner change pins","K0405030000",1,1861
"s","M0104000000",1,1862
"safety","M1504020000",1,1863
"safety fence","M1504020000",1,1864
"sanitary","M2011000000",1,1865
"sanitary fittings","M2011030000",1,1866
"scrap breaker","P0303051000",1,1867
"screw","K1004000000",1,1868
"screw","M1803010600",1,1869
"screw","M2003000000",1,1870
"screws","M0103010000",1,1871
"screws","M0114000000",1,1872
"screws","M0306020100",1,1873
"screws","M0602030000",1,1874
"screws, nuts","M1802000000",1,1875
"seal","M1303040000",1,1876
"seal","M1706010600",1,1877
"seal washer","M2010030000",1,1878
"seal washers","M2010030000",1,1879
"sealing washer","M2010030000",1,1880
"seals","M1706010600",1,1881
"select retainer set","P0116020000",1,1882
"sensor","M1901060100",1,1883
"sensor","P0113000000",1,1884
"sensor flag","M0405010000",1,1885
"sensors","M0401000000",1,1886
"sensors","P0113000000",1,1887
"servo motors","M0118040000",1,1888
"sh","M0101000000",1,1889
"sh-","P0304080000",1,1890
"shaft","M1804010100",1,1891
"shaft couples","M1001000000",1,1892
"shafting","M0801000000",1,1893
"sheet","M0606010000",1,1894
"sheet","M1201030000",1,1895
"sheet","M1201080000",1,1896
"sheet","M1502040100",1,1897
"sheet metal","M1501030600",1,1898
"sheet metal","M1501031100",1,1899
"sheet metal","M1501032100",1,1900
"shim plate","P0303050200",1,1901
"shim plate","P0309050000",1,1902
"shim rings","M1801030000",1,1903
"shims","P0309050000",1,1904
"shock abs","M1200000000",1,1905
"shock absorbers","M1203000000",1,1906
"shocks","M1203000000",1,1907
"shoulder","M1803010400",1,1908
"shouldered","M1803020200",1,1909
"shs","M0102000000",1,1910
"silicone sheet","M1201080400",1,1911
"simplified adjustments","M0307000000",1,1912
"simplified rail","M0117030000",1,1913
"simplified slide","M0117030000",1,1914
"simplified slide rails","M0117030000",1,1915
"single axis actuator","M0118020000",1,1916
"sleeve","K0202000000",1,1917
"sleeve","K1201030000",1,1918
"sleeve pin","K0200000000",1,1919
"sleeves","K0304040000",1,1920
"sleeves","K0802010000",1,1921
"slide","M0108010000",1,1922
"slide","M0115000000",1,1923
"slide","M1706050000",1,1924
"slide","P0304060300",1,1925
"slide bolts","M1706050000",1,1926
"slide plate","M0108010000",1,1927
"slide rails","M0117000000",1,1928
"slide screws","M0115000000",1,1929
"slider","M1502040200",1,1930
"sliders","M1502040200",1,1931
"slides","M0115000000",1,1932
"slides","M1502040200",1,1933
"sliding","M1504030100",1,1934
"slot pin","M0302030000",1,1935
"socket","M1202090900",1,1936
"socket button head cap screw","M1802031000",1,1937
"socket cap","M1802031100",1,1938
"socket cap screw","P0302020000",1,1939
"socket head cap","M1802031100",1,1940
"socket head cap","M1802061300",1,1941
"socket head cap screw","M1802031000",1,1942
"socket head cap screw","M1802060400",1,1943
"socket head cap screws","M1802031000",1,1944
"socket head hex screw","P0302020000",1,1945
"socket hex","M1202090900",1,1946
"socket screws","P0302020000",1,1947
"socket set screws","M1802031200",1,1948
"sockets","K1107020000",1,1949
"solenoid","M1903000000",1,1950
"solenoid valves","M1903000000",1,1951
"space","P0302070000",1,1952
"spacer shim","P0302070000",1,1953
"spacers","P0203070500",1,1954
"spec","M0500000000",1,1955
"spherical bearing","M1920060000",1,1956
"spline shafts","M0106000000",1,1957
"splined shaft","M0106000000",1,1958
"split","M0103030000",1,1959
"spool","P0303010000",1,1960
"sprin","P0201080400",1,1961
"sprin","P0202070200",1,1962
"sprin","P0400000000",1,1963
"spring","M1203000000",1,1964
"spring","P0403000000",1,1965
"spring guide pin","K1002000000",1,1966
"spring hinges","M1708020400",1,1967
"spring roller","P0202070200",1,1968
"spring shocks","M1200000000",1,1969
"spring shocks","M1203000000",1,1970
"spring washer","M1802060400",1,1971
"spring washers","M1202080100",1,1972
"springs","K1002000000",1,1973
"springs","M1802060400",1,1974
"springs","M1802060500",1,1975
"springs","P0401000000",1,1976
"sprocket","M1103000000",1,1977
"sprue bush","K0407000000",1,1978
"square","M1501010300",1,1979
"square","P0304060100",1,1980
"square nuts","M1802020200",1,1981
"ss","M0118060000",1,1982
"stage","M0305000000",1,1983
"stainless pipe","M2001000000",1,1984
"stainless plate","M1401020300",1,1985
"stainless steel pipe fittings","M2002000000",1,1986
"stand","M0104010300",1,1987
"stand","M1803010100",1,1988
"stand welded","M1605030000",1,1989
"standard rail","M0108040000",1,1990
"steel","M2001000000",1,1991
"steel plate","M1401020300",1,1992
"steel plates","M1707010200",1,1993
"steel tubes","M2001010000",1,1994
"steels","M1401020702",1,1995
"step motor","M0118050000",1,1996
"stepped dowel","M1804030000",1,1997
"stepped ejector","K0102000000",1,1998
"stepped pin","M1804030000",1,1999
"stepped pins","M1804030000",1,2000
"stop","M0304090000",1,2001
"stop blocks","M0304010200",1,2002
"stop blocks","M0304060200",1,2003
"stop bolt","K0801000000",1,2004
"stop pin","P0201080100",1,2005
"stopper plate","K0702070000",1,2006
"stops","M0304030000",1,2007
"stops","M0304060000",1,2008
"stops","M0304090000",1,2009
"straight punch","P0105030000",1,2010
"stripper","P0116040000",1,2011
"stripper","P0201000000",1,2012
"stripper bolts","M1802030300",1,2013
"stripper guide pins","P0201000000",1,2014
"strippers","P0116040000",1,2015
"stroke end","P0302090000",1,2016
"strut clamps","M1604000000",1,2017
"stud bolt","M1802030800",1,2018
"support","K0701040000",1,2019
"support","K0702030000",1,2020
"support","M0102000000",1,2021
"support unit","M0119000000",1,2022
"switches","M0400000000",1,2023
"t bar","M1401020400",1,2024
"t bolt","M1501020000",1,2025
"t bracket","M1602050000",1,2026
"t brackets","M1603000000",1,2027
"t lock","M0302030000",1,2028
"t nut","M1802000000",1,2029
"t nut extrusion","M1501020000",1,2030
"t pin","K0703020000",1,2031
"t pins","M0302030000",1,2032
"t shape","M0101010700",1,2033
"t shape","M1402030202",1,2034
"t slot","M1501030200",1,2035
"tabs","K1101000000",1,2036
"tamper","M1802030700",1,2037
"taper lock","K0703060000",1,2038
"tapered","K0703050000",1,2039
"tapered block","K0703070000",1,2040
"tapered locks","K0703060000",1,2041
"tapered pin","K0204000000",1,2042
"tapered pin","K0703040000",1,2043
"tapped","M0101010200",1,2044
"tapped punches","P0101030000",1,2045
"tee","M2002000000",1,2046
"telescoping","M1704000000",1,2047
"telescoping rails","M1704000000",1,2048
"telescoping slide","M1704000000",1,2049
"temperature controller","M0601000000",1,2050
"temperature sensor","M0602000000",1,2051
"tension","M1202020000",1,2052
"tension","M1202080200",1,2053
"tension","M1705040000",1,2054
"tensioner","K0803000000",1,2055
"tensioner","M1705040000",1,2056
"tensioners","M1009000000",1,2057
"terminals","M0602050000",1,2058
"thermal","M0606000000",1,2059
"thermometer","K0901050000",1,2060
"thread","M0101010400",1,2061
"thread","M1202090600",1,2062
"thread","M1802010200",1,2063
"thread bolt","M1802030800",1,2064
"threaded","M0101010400",1,2065
"threaded","M0101010600",1,2066
"threaded","M0304010200",1,2067
"threaded block","M0304010200",1,2068
"threaded blocks","M0304010200",1,2069
"threaded bolt","M1802030800",1,2070
"threaded stopper blocks","M0304010200",1,2071
"threaded tapped","M0101010600",1,2072
"tim","M1002000000",1,2073
"timing belt pulleys","M1002000000",1,2074
"timing belts","M1109000000",1,2075
"timming belt","M1002000000",1,2076
"tip","M1201010900",1,2077
"tipped","K0105030000",1,2078
"toggle clamps","M0303010000",1,2079
"tools","M1503020500",1,2080
"torsion","M1202010000",1,2081
"tube","K0904000000",1,2082
"tube fitting","M2000000000",1,2083
"tube fittings","M2000000000",1,2084
"tubes","M2000000000",1,2085
"turnbuckle","M1008020200",1,2086
"u","M1101060100",1,2087
"u","M1605000000",1,2088
"u bolts","M1802030100",1,2089
"u nut","M0803000000",1,2090
"u nut","M1802000000",1,2091
"u shaped","P0114070000",1,2092
"undersized dowel","M1804030300",1,2093
"undersized dowel pin","M1804030300",1,2094
"unilate","M1402020110",1,2095
"up","K0702040000",1,2096
"urethan","M1106010000",1,2097
"urethan","M1201000000",1,2098
"urethane block","M1201040000",1,2099
"urethane mold bearing","M1106010000",1,2100
"urethane pad","P0307020500",1,2101
"urethane sheet","P0403030000",1,2102
"urethane spring","P0403000000",1,2103
"urethane springs","P0403000000",1,2104
"urethane washers","M1201020000",1,2105
"urethanes","M1201000000",1,2106
"urethanes","P0403000000",1,2107
"v belt","M1101020000",1,2108
"v block","M1401030800",1,2109
"v wheel","M1101070000",1,2110
"vacuum","M1913000000",1,2111
"vacuum pressure sensors","M1913030000",1,2112
"vacuum pump","M1911000000",1,2113
"valve","K0106000000",1,2114
"valve","M1904030000",1,2115
"valve","M1907030000",1,2116
"valve","M1907040000",1,2117
"valve","M1915020000",1,2118
"valve","M1917000000",1,2119
"valve","M2011010000",1,2120
"valves","M1915020000",1,2121
"vent","K0500000000",1,2122
"w spring","P0401010000",1,2123
"washer","M1301020100",1,2124
"washer","P0203070300",1,2125
"washer","P0303050600",1,2126
"washer bearing","M0803000000",1,2127
"washer spacer","K1004020000",1,2128
"washers","M0803000000",1,2129
"washers","M1201110000",1,2130
"washers","M1301020100",1,2131
"washers","P0303050600",1,2132
"wedge","M0103040000",1,2133
"wheel","M1101070000",1,2134
"wheels","M1101070000",1,2135
"wing screws","M1802030400",1,2136
"wire spring","P0401010000",1,2137
"wood","M1601030000",1,2138
"worm","M1006040000",1,2139
"xyz","M0306010500",1,2140
"ys","P0303050900",1,2141
